<?xml version="1.0" encoding="utf-8"?>
<!--~
  ~ @package   akeebabackup
  ~ @copyright Copyright (c)2006-2022 Nicholas K. Dionysopoulos / Akeeba Ltd
  ~ @license   GNU General Public License version 3, or later
  -->

<extension version="3.9.0" type="package" method="upgrade">
    <name>Akeeba Backup package</name>
    <author>Nicholas K. Dionysopoulos</author>
    <creationDate>2022-10-24</creationDate>
    <packagename>akeeba</packagename>
    <version>8.2.2</version>
    <url>https://www.akeeba.com</url>
    <packager>Akeeba Ltd</packager>
    <packagerurl>https://www.akeeba.com</packagerurl>
    <copyright>Copyright (c)2006-2019 Akeeba Ltd / Nicholas K. Dionysopoulos</copyright>
    <license>GNU GPL v3 or later</license>
    <description>Akeeba Backup installation package v.8.2.2</description>

    <!-- List of extensions to install -->
    <files>
        <!-- Component -->
        <file type="component" id="com_akeeba">com_akeeba-core.zip</file>

        <!-- Modules -->
        <!--<file type="module" client="site" id="mod_example">mod_example.zip</file>-->

        <!-- Plugins: console (Joomla 4 only) -->
        <file type="plugin" group="console" id="akeebabackup">plg_console_akeebabackup.zip</file>

        <!-- Plugins: quickicon -->
        <file type="plugin" group="quickicon" id="akeebabackup">plg_quickicon_akeebabackup.zip</file>

        <!-- Plugins: system -->
        <file type="plugin" group="system" id="backuponupdate">plg_system_backuponupdate.zip</file>

        <!-- Plugins: actionlog -->
        <file type="plugin" group="actionlog" id="akeebabackup">plg_actionlog_akeebabackup.zip</file>
    </files>

    <!-- Installation script -->
    <scriptfile>script.akeeba.php</scriptfile>

    <!-- Update servers -->
    <updateservers>
        <server type="extension" priority="1" name="Akeeba Backup Core">https://cdn.akeeba.com/updates/pkgakeebacore.xml</server>
    </updateservers>
</extension>
